{
  "project_info": {
    "project_number": "782662672275",
    "firebase_url": "https://food-ordering-system-6fa4d.firebaseio.com",
    "project_id": "food-ordering-system-6fa4d",
    "storage_bucket": "food-ordering-system-6fa4d.appspot.com"
  },
  "client": [
    {
      "client_info": {
        "mobilesdk_app_id": "1:782662672275:android:8cf34c49713899d97d1266",
        "android_client_info": {
          "package_name": "com.example.foodapp"
        }
      },
      "oauth_client": [
        {
          "client_id": "782662672275-i2f3ob71b87dcs8kbkq3omab9rsliu07.apps.googleusercontent.com",
          "client_type": 1,
          "android_info": {
            "package_name": "com.example.foodapp",
            "certificate_hash": "f1300650bb40e046cac227ba9caf8234f7699503"
          }
        },
        {
          "client_id": "782662672275-n98sot2np2ijeobl4gsc45emo7774iv9.apps.googleusercontent.com",
          "client_type": 3
        }
      ],
      "api_key": [
        {
          "current_key": "AIzaSyDxmWJBQShnfvzL9QPQb_UwEE8ILXJrM48"
        }
      ],
      "services": {
        "appinvite_service": {
          "other_platform_oauth_client": [
            {
              "client_id": "782662672275-n98sot2np2ijeobl4gsc45emo7774iv9.apps.googleusercontent.com",
              "client_type": 3
            }
          ]
        }
      }
    }
  ],
  "configuration_version": "1"
}